{
  "image_path": "tests/asl_02.png",
  "width": 1800,
  "height": 645,
  "grid": {
    "s": 37.85697999124657,
    "dx": 56.785469986869856,
    "dy": 32.785106382978725,
    "origin": [1013.5709399737398, 353.0994326241135],
    "rotation": 0.0
  },
  "hexes": [
    [-8.567519789917696, 221.9590070921986],
    [-8.567519789917696, 287.529219858156],
    [-8.567519789917696, 353.0994326241135],
    [-8.567519789917696, 418.66964539007097],
    [-8.567519789917696, 484.2398581560284],
    [-8.567519789917696, 549.8100709219858],
    [-8.567519789917696, 615.3802836879433],
    [48.21795019695219, -7.536737588652485],
    [48.21795019695219, 58.03347517730499],
    [48.21795019695219, 123.60368794326241],
    [48.21795019695219, 189.17390070921988],
    [48.21795019695219, 254.7441134751773],
    [48.21795019695219, 320.3143262411347],
    [48.21795019695219, 385.8845390070922],
    [48.21795019695219, 451.4547517730497],
    [48.21795019695219, 517.0249645390071],
    [48.21795019695219, 582.5951773049645],
    [48.21795019695219, 648.1653900709221],
    [105.00342018382207, 25.248368794326268],
    [105.00342018382207, 90.81858156028369],
    [105.00342018382207, 156.38879432624114],
    [105.00342018382207, 221.9590070921986],
    [105.00342018382207, 287.529219858156],
    [105.00342018382207, 353.0994326241135],
    [105.00342018382207, 418.66964539007097],
    [105.00342018382207, 484.2398581560284],
    [105.00342018382207, 549.8100709219858],
    [105.00342018382207, 615.3802836879433],
    [161.78889017069196, -7.536737588652485],
    [161.78889017069196, 58.03347517730499],
    [161.78889017069196, 123.60368794326241],
    [161.78889017069196, 189.17390070921988],
    [161.78889017069196, 254.7441134751773],
    [161.78889017069196, 320.3143262411347],
    [161.78889017069196, 385.8845390070922],
    [161.78889017069196, 451.4547517730497],
    [161.78889017069196, 517.0249645390071],
    [161.78889017069196, 582.5951773049645],
    [161.78889017069196, 648.1653900709221],
    [218.57436015756184, 25.248368794326268],
    [218.57436015756184, 90.81858156028369],
    [218.57436015756184, 156.38879432624114],
    [218.57436015756184, 221.9590070921986],
    [218.57436015756184, 287.529219858156],
    [218.57436015756184, 353.0994326241135],
    [218.57436015756184, 418.66964539007097],
    [218.57436015756184, 484.2398581560284],
    [218.57436015756184, 549.8100709219858],
    [218.57436015756184, 615.3802836879433],
    [275.3598301444316, -7.536737588652485],
    [275.3598301444316, 58.03347517730499],
    [275.3598301444316, 123.60368794326241],
    [275.3598301444316, 189.17390070921988],
    [275.3598301444316, 254.7441134751773],
    [275.3598301444316, 320.3143262411347],
    [275.3598301444316, 385.8845390070922],
    [275.3598301444316, 451.4547517730497],
    [275.3598301444316, 517.0249645390071],
    [275.3598301444316, 582.5951773049645],
    [275.3598301444316, 648.1653900709221],
    [332.1453001313015, 25.248368794326268],
    [332.1453001313015, 90.81858156028369],
    [332.1453001313015, 156.38879432624114],
    [332.1453001313015, 221.9590070921986],
    [332.1453001313015, 287.529219858156],
    [332.1453001313015, 353.0994326241135],
    [332.1453001313015, 418.66964539007097],
    [332.1453001313015, 484.2398581560284],
    [332.1453001313015, 549.8100709219858],
    [332.1453001313015, 615.3802836879433],
    [388.9307701181714, -7.536737588652485],
    [388.9307701181714, 58.03347517730499],
    [388.9307701181714, 123.60368794326241],
    [388.9307701181714, 189.17390070921988],
    [388.9307701181714, 254.7441134751773],
    [388.9307701181714, 320.3143262411347],
    [388.9307701181714, 385.8845390070922],
    [388.9307701181714, 451.4547517730497],
    [388.9307701181714, 517.0249645390071],
    [388.9307701181714, 582.5951773049645],
    [388.9307701181714, 648.1653900709221],
    [445.71624010504115, 25.248368794326268],
    [445.71624010504115, 90.81858156028369],
    [445.71624010504115, 156.38879432624114],
    [445.71624010504115, 221.9590070921986],
    [445.71624010504115, 287.529219858156],
    [445.71624010504115, 353.0994326241135],
    [445.71624010504115, 418.66964539007097],
    [445.71624010504115, 484.2398581560284],
    [445.71624010504115, 549.8100709219858],
    [445.71624010504115, 615.3802836879433],
    [502.50171009191104, -7.536737588652485],
    [502.50171009191104, 58.03347517730499],
    [502.50171009191104, 123.60368794326241],
    [502.50171009191104, 189.17390070921988],
    [502.50171009191104, 254.7441134751773],
    [502.50171009191104, 320.3143262411347],
    [502.50171009191104, 385.8845390070922],
    [502.50171009191104, 451.4547517730497],
    [502.50171009191104, 517.0249645390071],
    [502.50171009191104, 582.5951773049645],
    [502.50171009191104, 648.1653900709221],
    [559.2871800787809, 25.248368794326268],
    [559.2871800787809, 90.81858156028369],
    [559.2871800787809, 156.38879432624114],
    [559.2871800787809, 221.9590070921986],
    [559.2871800787809, 287.529219858156],
    [559.2871800787809, 353.0994326241135],
    [559.2871800787809, 418.66964539007097],
    [559.2871800787809, 484.2398581560284],
    [559.2871800787809, 549.8100709219858],
    [559.2871800787809, 615.3802836879433],
    [616.0726500656508, -7.536737588652485],
    [616.0726500656508, 58.03347517730499],
    [616.0726500656508, 123.60368794326241],
    [616.0726500656508, 189.17390070921988],
    [616.0726500656508, 254.7441134751773],
    [616.0726500656508, 320.3143262411347],
    [616.0726500656508, 385.8845390070922],
    [616.0726500656508, 451.4547517730497],
    [616.0726500656508, 517.0249645390071],
    [616.0726500656508, 582.5951773049645],
    [616.0726500656508, 648.1653900709221],
    [672.8581200525207, 25.248368794326268],
    [672.8581200525207, 90.81858156028369],
    [672.8581200525207, 156.38879432624114],
    [672.8581200525207, 221.9590070921986],
    [672.8581200525207, 287.529219858156],
    [672.8581200525207, 353.0994326241135],
    [672.8581200525207, 418.66964539007097],
    [672.8581200525207, 484.2398581560284],
    [672.8581200525207, 549.8100709219858],
    [672.8581200525207, 615.3802836879433],
    [729.6435900393905, -7.536737588652485],
    [729.6435900393905, 58.03347517730499],
    [729.6435900393905, 123.60368794326241],
    [729.6435900393905, 189.17390070921988],
    [729.6435900393905, 254.7441134751773],
    [729.6435900393905, 320.3143262411347],
    [729.6435900393905, 385.8845390070922],
    [729.6435900393905, 451.4547517730497],
    [729.6435900393905, 517.0249645390071],
    [729.6435900393905, 582.5951773049645],
    [729.6435900393905, 648.1653900709221],
    [786.4290600262603, 25.248368794326268],
    [786.4290600262603, 90.81858156028369],
    [786.4290600262603, 156.38879432624114],
    [786.4290600262603, 221.9590070921986],
    [786.4290600262603, 287.529219858156],
    [786.4290600262603, 353.0994326241135],
    [786.4290600262603, 418.66964539007097],
    [786.4290600262603, 484.2398581560284],
    [786.4290600262603, 549.8100709219858],
    [786.4290600262603, 615.3802836879433],
    [843.2145300131302, -7.536737588652485],
    [843.2145300131302, 58.03347517730499],
    [843.2145300131302, 123.60368794326241],
    [843.2145300131302, 189.17390070921988],
    [843.2145300131302, 254.7441134751773],
    [843.2145300131302, 320.3143262411347],
    [843.2145300131302, 385.8845390070922],
    [843.2145300131302, 451.4547517730497],
    [843.2145300131302, 517.0249645390071],
    [843.2145300131302, 582.5951773049645],
    [843.2145300131302, 648.1653900709221],
    [900.0, 25.248368794326268],
    [900.0, 90.81858156028369],
    [900.0, 156.38879432624114],
    [900.0, 221.9590070921986],
    [900.0, 287.529219858156],
    [900.0, 353.0994326241135],
    [900.0, 418.66964539007097],
    [900.0, 484.2398581560284],
    [900.0, 549.8100709219858],
    [900.0, 615.3802836879433],
    [956.7854699868699, -7.536737588652485],
